event_id,event_date,entity_id,event_type,severity,estimated_impact
EV0001,2026-01-01,PAY002,launch,High,900
EV0002,2026-01-02,PAY004,handoff,High,5022
EV0003,2026-01-03,PAY022,launch,Low,43241
EV0004,2026-01-04,PAY026,experiment,Medium,50514
EV0005,2026-01-05,PAY008,handoff,Medium,30328
EV0006,2026-01-06,PAY018,stakeholder_request,Low,38687
EV0007,2026-01-07,PAY010,launch,High,36979
EV0008,2026-01-08,PAY033,experiment,Low,32980
EV0009,2026-01-09,PAY029,qa_check,Medium,15097
EV0010,2026-01-10,PAY003,handoff,Medium,21851
EV0011,2026-01-11,PAY002,qa_check,High,31963
EV0012,2026-01-12,PAY028,experiment,High,42793
EV0013,2026-01-13,PAY025,stakeholder_request,Low,48237
EV0014,2026-01-14,PAY015,launch,Low,583
EV0015,2026-01-15,PAY035,launch,High,8190
EV0016,2026-01-16,PAY035,handoff,High,3735
EV0017,2026-01-17,PAY027,stakeholder_request,High,36142
EV0018,2026-01-18,PAY014,stakeholder_request,High,34683
EV0019,2026-01-19,PAY001,qa_check,Low,18129
EV0020,2026-01-20,PAY002,handoff,Medium,35177
EV0021,2026-01-21,PAY027,experiment,Low,10785
EV0022,2026-01-22,PAY002,experiment,Medium,46399
EV0023,2026-01-23,PAY036,handoff,High,35440
EV0024,2026-01-24,PAY004,stakeholder_request,High,43298
EV0025,2026-01-25,PAY007,launch,High,29942
EV0026,2026-01-26,PAY019,experiment,Medium,29645
EV0027,2026-01-27,PAY008,experiment,High,9692
EV0028,2026-01-28,PAY027,exception,Medium,33304
EV0029,2026-01-29,PAY001,exception,Medium,25906
EV0030,2026-01-30,PAY029,launch,Low,1724
EV0031,2026-01-31,PAY017,qa_check,Medium,24084
EV0032,2026-02-01,PAY024,qa_check,Medium,9647
EV0033,2026-02-02,PAY020,launch,Medium,14709
EV0034,2026-02-03,PAY013,launch,High,6542
EV0035,2026-02-04,PAY027,experiment,High,41160
EV0036,2026-02-05,PAY027,launch,Low,30744
EV0037,2026-02-06,PAY004,exception,Low,47840
EV0038,2026-02-07,PAY011,launch,High,14829
EV0039,2026-02-08,PAY002,experiment,High,9031
EV0040,2026-02-09,PAY023,launch,Medium,6193
EV0041,2026-02-10,PAY002,handoff,Low,9462
EV0042,2026-02-11,PAY031,handoff,High,30358
EV0043,2026-02-12,PAY008,qa_check,Medium,19094
EV0044,2026-02-13,PAY024,qa_check,Low,8994
EV0045,2026-02-14,PAY017,exception,Low,31632
EV0046,2026-02-15,PAY015,qa_check,Medium,41663
EV0047,2026-02-16,PAY028,launch,Low,51746
EV0048,2026-02-17,PAY025,stakeholder_request,Medium,21271
EV0049,2026-02-18,PAY035,exception,Low,34020
EV0050,2026-02-19,PAY007,qa_check,Low,25258
EV0051,2026-02-20,PAY024,experiment,High,31111
EV0052,2026-02-21,PAY030,experiment,High,40484
EV0053,2026-02-22,PAY022,qa_check,Low,36130
EV0054,2026-02-23,PAY006,stakeholder_request,High,51855
EV0055,2026-02-24,PAY006,handoff,Medium,34248
EV0056,2026-02-25,PAY010,handoff,High,31152
EV0057,2026-02-26,PAY019,exception,Low,6012
EV0058,2026-02-27,PAY027,experiment,Low,32086
EV0059,2026-02-28,PAY022,stakeholder_request,Low,36882
EV0060,2026-03-01,PAY008,exception,Medium,31071
EV0061,2026-03-02,PAY033,qa_check,Low,17988
EV0062,2026-03-03,PAY029,qa_check,Low,28716
EV0063,2026-03-04,PAY008,stakeholder_request,Low,19611
EV0064,2026-03-05,PAY017,stakeholder_request,Low,51532
EV0065,2026-03-06,PAY030,experiment,Low,49868
EV0066,2026-03-07,PAY006,launch,High,2366
EV0067,2026-03-08,PAY035,handoff,Medium,22633
EV0068,2026-03-09,PAY019,launch,Medium,29042
EV0069,2026-03-10,PAY030,launch,Low,37666
EV0070,2026-03-11,PAY028,handoff,Low,20732
EV0071,2026-03-12,PAY012,stakeholder_request,Medium,45962
EV0072,2026-03-13,PAY004,handoff,Low,34539
EV0073,2026-03-14,PAY035,experiment,High,33323
EV0074,2026-03-15,PAY008,experiment,High,4302
EV0075,2026-03-16,PAY006,stakeholder_request,Low,1146
EV0076,2026-03-17,PAY007,exception,Medium,19115
EV0077,2026-03-18,PAY022,stakeholder_request,Medium,1925
EV0078,2026-03-19,PAY026,stakeholder_request,High,38573
EV0079,2026-03-20,PAY015,exception,High,23485
EV0080,2026-03-21,PAY025,exception,Low,23230
EV0081,2026-03-22,PAY003,launch,Low,30919
EV0082,2026-03-23,PAY033,exception,Low,16776
EV0083,2026-03-24,PAY002,experiment,Low,11755
EV0084,2026-03-25,PAY013,experiment,Low,25436
EV0085,2026-03-26,PAY021,qa_check,High,24334
EV0086,2026-03-27,PAY019,qa_check,Medium,3587
EV0087,2026-03-28,PAY029,qa_check,Low,43418
EV0088,2026-03-29,PAY017,exception,High,48592
EV0089,2026-03-30,PAY003,exception,High,15000
EV0090,2026-03-31,PAY016,stakeholder_request,Low,32352
EV0091,2026-04-01,PAY035,handoff,High,17350
EV0092,2026-04-02,PAY028,experiment,High,8583
EV0093,2026-04-03,PAY035,stakeholder_request,High,13266
EV0094,2026-04-04,PAY009,exception,Low,5302
EV0095,2026-04-05,PAY009,exception,Medium,17553
EV0096,2026-04-06,PAY011,exception,High,26541
EV0097,2026-04-07,PAY036,experiment,Low,10217
EV0098,2026-04-08,PAY008,experiment,Medium,5773
EV0099,2026-04-09,PAY023,exception,Medium,7376
EV0100,2026-04-10,PAY001,qa_check,Low,20061
EV0101,2026-04-11,PAY035,experiment,Medium,32396
EV0102,2026-04-12,PAY004,experiment,Medium,43925
EV0103,2026-04-13,PAY001,stakeholder_request,High,38737
EV0104,2026-04-14,PAY031,qa_check,Low,15423
EV0105,2026-04-15,PAY025,experiment,Low,42023
EV0106,2026-04-16,PAY032,stakeholder_request,Low,8460
EV0107,2026-04-17,PAY010,qa_check,Low,49334
EV0108,2026-04-18,PAY012,experiment,Medium,47807
EV0109,2026-04-19,PAY026,launch,Medium,43208
EV0110,2026-04-20,PAY022,qa_check,Low,30342
EV0111,2026-04-21,PAY029,launch,Medium,20371
EV0112,2026-04-22,PAY016,exception,High,10014
EV0113,2026-04-23,PAY004,handoff,High,33678
EV0114,2026-04-24,PAY009,qa_check,Low,22516
EV0115,2026-04-25,PAY021,exception,Medium,31276
EV0116,2026-04-26,PAY021,stakeholder_request,Medium,16186
EV0117,2026-04-27,PAY011,stakeholder_request,Low,7988
EV0118,2026-04-28,PAY015,launch,High,43622
EV0119,2026-04-29,PAY027,handoff,High,5414
EV0120,2026-04-30,PAY004,qa_check,Medium,44520
EV0121,2026-05-01,PAY036,qa_check,High,12246
EV0122,2026-05-02,PAY011,experiment,Medium,43722
EV0123,2026-05-03,PAY024,qa_check,High,22312
EV0124,2026-05-04,PAY016,stakeholder_request,Medium,43493
EV0125,2026-05-05,PAY028,launch,Medium,44327
EV0126,2026-05-06,PAY014,experiment,Low,22011
EV0127,2026-05-07,PAY016,qa_check,Low,11874
EV0128,2026-05-08,PAY022,exception,Low,38075
EV0129,2026-05-09,PAY006,stakeholder_request,Medium,5595
EV0130,2026-05-10,PAY010,exception,High,30040
EV0131,2026-05-11,PAY003,experiment,Low,15104
EV0132,2026-05-12,PAY008,launch,Medium,29954
EV0133,2026-05-13,PAY006,launch,Medium,13121
EV0134,2026-05-14,PAY021,launch,Low,20434
EV0135,2026-05-15,PAY035,launch,Low,32820
EV0136,2026-05-16,PAY012,qa_check,Low,746
EV0137,2026-05-17,PAY012,stakeholder_request,High,42399
EV0138,2026-05-18,PAY022,exception,Medium,4610
EV0139,2026-05-19,PAY032,experiment,Low,28873
EV0140,2026-05-20,PAY036,experiment,Medium,18223
EV0141,2026-01-01,PAY014,experiment,Low,33571
EV0142,2026-01-02,PAY011,handoff,Low,4497
EV0143,2026-01-03,PAY028,stakeholder_request,Low,36370
EV0144,2026-01-04,PAY015,launch,High,33525
EV0145,2026-01-05,PAY006,qa_check,Medium,49136
EV0146,2026-01-06,PAY034,qa_check,Medium,4254
EV0147,2026-01-07,PAY020,handoff,Medium,6389
EV0148,2026-01-08,PAY018,handoff,Low,38884
EV0149,2026-01-09,PAY013,experiment,Medium,19681
EV0150,2026-01-10,PAY001,experiment,Low,4987
EV0151,2026-01-11,PAY032,launch,Low,17200
EV0152,2026-01-12,PAY027,experiment,Low,19338
EV0153,2026-01-13,PAY012,experiment,Medium,4589
EV0154,2026-01-14,PAY003,stakeholder_request,High,27972
EV0155,2026-01-15,PAY001,qa_check,High,19981
EV0156,2026-01-16,PAY005,stakeholder_request,High,7453
EV0157,2026-01-17,PAY035,handoff,High,40762
EV0158,2026-01-18,PAY015,experiment,Low,14868
EV0159,2026-01-19,PAY024,launch,Medium,48041
EV0160,2026-01-20,PAY031,qa_check,Medium,35038
EV0161,2026-01-21,PAY015,exception,Low,42844
EV0162,2026-01-22,PAY002,qa_check,High,36943
EV0163,2026-01-23,PAY024,launch,Low,14032
EV0164,2026-01-24,PAY004,stakeholder_request,Low,33371
EV0165,2026-01-25,PAY036,experiment,High,12430
EV0166,2026-01-26,PAY014,experiment,Medium,40786
EV0167,2026-01-27,PAY035,launch,High,22176
EV0168,2026-01-28,PAY036,launch,Medium,42410
EV0169,2026-01-29,PAY034,launch,Low,41293
EV0170,2026-01-30,PAY004,launch,Low,6029
EV0171,2026-01-31,PAY012,exception,High,10977
EV0172,2026-02-01,PAY009,stakeholder_request,Medium,8014
EV0173,2026-02-02,PAY008,exception,Low,5602
EV0174,2026-02-03,PAY001,qa_check,High,51565
EV0175,2026-02-04,PAY006,stakeholder_request,Medium,13945
EV0176,2026-02-05,PAY003,stakeholder_request,High,42666
EV0177,2026-02-06,PAY014,stakeholder_request,Medium,32634
EV0178,2026-02-07,PAY026,stakeholder_request,Low,26768
EV0179,2026-02-08,PAY012,stakeholder_request,Medium,8309
EV0180,2026-02-09,PAY003,handoff,Medium,16684
EV0181,2026-02-10,PAY013,experiment,High,40503
EV0182,2026-02-11,PAY021,launch,Medium,29709
EV0183,2026-02-12,PAY036,exception,Low,21242
EV0184,2026-02-13,PAY030,exception,Medium,24949
EV0185,2026-02-14,PAY009,launch,High,50368
EV0186,2026-02-15,PAY017,experiment,Low,49879
EV0187,2026-02-16,PAY015,stakeholder_request,Low,30075
EV0188,2026-02-17,PAY032,exception,Medium,29615
EV0189,2026-02-18,PAY004,handoff,Low,35162
EV0190,2026-02-19,PAY022,exception,High,22903
EV0191,2026-02-20,PAY025,stakeholder_request,High,17016
EV0192,2026-02-21,PAY020,exception,Medium,17832
EV0193,2026-02-22,PAY031,experiment,Medium,25801
EV0194,2026-02-23,PAY010,stakeholder_request,High,39762
EV0195,2026-02-24,PAY027,exception,Medium,23874
EV0196,2026-02-25,PAY023,handoff,High,4967
EV0197,2026-02-26,PAY002,experiment,Low,11412
EV0198,2026-02-27,PAY028,exception,Medium,41010
EV0199,2026-02-28,PAY034,experiment,High,770
EV0200,2026-03-01,PAY012,handoff,High,37818
EV0201,2026-03-02,PAY023,launch,Low,45544
EV0202,2026-03-03,PAY005,handoff,Medium,25994
EV0203,2026-03-04,PAY036,stakeholder_request,Medium,15363
EV0204,2026-03-05,PAY036,experiment,Medium,43335
EV0205,2026-03-06,PAY029,stakeholder_request,High,43392
EV0206,2026-03-07,PAY035,stakeholder_request,Medium,4573
EV0207,2026-03-08,PAY031,experiment,Low,50062
EV0208,2026-03-09,PAY034,stakeholder_request,Low,37838
EV0209,2026-03-10,PAY031,launch,Medium,42512
EV0210,2026-03-11,PAY011,exception,High,51835
EV0211,2026-03-12,PAY011,handoff,Medium,5252
EV0212,2026-03-13,PAY011,exception,Low,27239
EV0213,2026-03-14,PAY033,handoff,High,51544
EV0214,2026-03-15,PAY012,qa_check,Low,2316
EV0215,2026-03-16,PAY036,launch,High,11505
EV0216,2026-03-17,PAY030,launch,High,10255
EV0217,2026-03-18,PAY028,launch,Low,1925
EV0218,2026-03-19,PAY009,stakeholder_request,Low,19721
EV0219,2026-03-20,PAY007,stakeholder_request,Medium,20806
EV0220,2026-03-21,PAY024,exception,High,33131
EV0221,2026-03-22,PAY029,handoff,Medium,8615
EV0222,2026-03-23,PAY005,launch,High,33641
EV0223,2026-03-24,PAY017,qa_check,High,15766
EV0224,2026-03-25,PAY006,qa_check,Medium,38359
EV0225,2026-03-26,PAY022,stakeholder_request,Medium,12809
EV0226,2026-03-27,PAY024,exception,High,51772
EV0227,2026-03-28,PAY024,qa_check,Low,12845
EV0228,2026-03-29,PAY029,stakeholder_request,High,22393
EV0229,2026-03-30,PAY035,qa_check,Medium,42658
EV0230,2026-03-31,PAY033,exception,High,8632
EV0231,2026-04-01,PAY025,handoff,High,14067
EV0232,2026-04-02,PAY031,handoff,Low,38872
EV0233,2026-04-03,PAY020,handoff,Medium,10492
EV0234,2026-04-04,PAY013,experiment,Medium,26283
EV0235,2026-04-05,PAY009,launch,High,10243
EV0236,2026-04-06,PAY009,handoff,Medium,47336
EV0237,2026-04-07,PAY028,experiment,Low,25030
EV0238,2026-04-08,PAY014,handoff,Medium,5549
EV0239,2026-04-09,PAY024,experiment,High,35686
EV0240,2026-04-10,PAY016,launch,Low,19445
EV0241,2026-04-11,PAY024,qa_check,High,34109
EV0242,2026-04-12,PAY015,launch,High,41232
EV0243,2026-04-13,PAY028,launch,Low,16930
EV0244,2026-04-14,PAY006,qa_check,Low,45200
EV0245,2026-04-15,PAY021,handoff,High,33893
EV0246,2026-04-16,PAY017,qa_check,High,13335
EV0247,2026-04-17,PAY026,launch,Low,33453
EV0248,2026-04-18,PAY008,experiment,Low,27158
EV0249,2026-04-19,PAY003,exception,Medium,20599
EV0250,2026-04-20,PAY004,stakeholder_request,High,2276
EV0251,2026-04-21,PAY025,exception,Medium,11890
EV0252,2026-04-22,PAY015,stakeholder_request,Medium,44155
EV0253,2026-04-23,PAY025,experiment,Medium,45212
EV0254,2026-04-24,PAY010,stakeholder_request,Low,34611
EV0255,2026-04-25,PAY028,experiment,Medium,38255
EV0256,2026-04-26,PAY007,handoff,Medium,45521
EV0257,2026-04-27,PAY028,experiment,High,10705
EV0258,2026-04-28,PAY034,exception,Medium,34751
EV0259,2026-04-29,PAY029,launch,High,660
EV0260,2026-04-30,PAY021,qa_check,High,8802
EV0261,2026-05-01,PAY012,launch,Low,35758
EV0262,2026-05-02,PAY004,qa_check,Medium,34179
EV0263,2026-05-03,PAY004,exception,High,4532
EV0264,2026-05-04,PAY036,stakeholder_request,High,45975
EV0265,2026-05-05,PAY027,experiment,High,45976
EV0266,2026-05-06,PAY019,experiment,High,20173
EV0267,2026-05-07,PAY013,qa_check,High,15334
EV0268,2026-05-08,PAY035,qa_check,Medium,46170
EV0269,2026-05-09,PAY026,exception,Medium,34608
EV0270,2026-05-10,PAY019,launch,Low,42020
EV0271,2026-05-11,PAY016,exception,Medium,16281
EV0272,2026-05-12,PAY003,experiment,High,39388
EV0273,2026-05-13,PAY034,qa_check,High,14265
EV0274,2026-05-14,PAY029,exception,High,8238
EV0275,2026-05-15,PAY005,qa_check,Low,11560
EV0276,2026-05-16,PAY021,qa_check,Low,45219
EV0277,2026-05-17,PAY001,launch,High,20141
EV0278,2026-05-18,PAY009,exception,High,50293
EV0279,2026-05-19,PAY001,exception,High,29551
EV0280,2026-05-20,PAY018,handoff,Medium,24561
EV0281,2026-01-01,PAY008,exception,Low,10229
EV0282,2026-01-02,PAY029,exception,Medium,10820
EV0283,2026-01-03,PAY010,handoff,High,23041
EV0284,2026-01-04,PAY004,qa_check,High,37338
EV0285,2026-01-05,PAY012,exception,Low,23042
EV0286,2026-01-06,PAY008,handoff,Medium,13340
EV0287,2026-01-07,PAY018,experiment,Medium,26947
EV0288,2026-01-08,PAY002,qa_check,Medium,39721
EV0289,2026-01-09,PAY016,qa_check,Low,26331
EV0290,2026-01-10,PAY030,exception,Low,1977
EV0291,2026-01-11,PAY017,exception,High,7034
EV0292,2026-01-12,PAY034,experiment,Low,41846
EV0293,2026-01-13,PAY026,launch,High,23301
EV0294,2026-01-14,PAY020,experiment,High,2180
EV0295,2026-01-15,PAY036,stakeholder_request,High,17630
EV0296,2026-01-16,PAY009,experiment,Low,8029
EV0297,2026-01-17,PAY013,stakeholder_request,Medium,4337
EV0298,2026-01-18,PAY014,stakeholder_request,Low,20941
EV0299,2026-01-19,PAY027,exception,Medium,50350
EV0300,2026-01-20,PAY006,handoff,High,14490
EV0301,2026-01-21,PAY008,handoff,High,1713
EV0302,2026-01-22,PAY021,exception,Medium,50013
EV0303,2026-01-23,PAY002,launch,Medium,37312
EV0304,2026-01-24,PAY011,launch,Medium,46571
EV0305,2026-01-25,PAY027,experiment,Medium,41320
EV0306,2026-01-26,PAY006,qa_check,Low,17628
EV0307,2026-01-27,PAY026,qa_check,Medium,8857
EV0308,2026-01-28,PAY022,stakeholder_request,Medium,1950
EV0309,2026-01-29,PAY029,qa_check,High,42877
EV0310,2026-01-30,PAY032,handoff,High,49218
EV0311,2026-01-31,PAY027,launch,High,45264
EV0312,2026-02-01,PAY004,exception,Medium,2866
EV0313,2026-02-02,PAY012,launch,Low,29155
EV0314,2026-02-03,PAY001,qa_check,Medium,7132
EV0315,2026-02-04,PAY011,experiment,Medium,22475
EV0316,2026-02-05,PAY028,handoff,Low,38833
EV0317,2026-02-06,PAY013,stakeholder_request,Low,26195
EV0318,2026-02-07,PAY007,qa_check,High,8855
EV0319,2026-02-08,PAY018,qa_check,Medium,27309
EV0320,2026-02-09,PAY010,launch,Medium,21362
EV0321,2026-02-10,PAY025,exception,High,15025
EV0322,2026-02-11,PAY004,qa_check,High,18226
EV0323,2026-02-12,PAY001,launch,High,51681
EV0324,2026-02-13,PAY031,exception,High,44677
EV0325,2026-02-14,PAY028,qa_check,Medium,37878
EV0326,2026-02-15,PAY016,stakeholder_request,Low,3161
EV0327,2026-02-16,PAY009,handoff,Medium,47325
EV0328,2026-02-17,PAY004,experiment,Low,28435
EV0329,2026-02-18,PAY017,handoff,Medium,46914
EV0330,2026-02-19,PAY024,stakeholder_request,Medium,41865
EV0331,2026-02-20,PAY027,handoff,Medium,32006
EV0332,2026-02-21,PAY028,launch,Low,29948
EV0333,2026-02-22,PAY033,handoff,High,10437
EV0334,2026-02-23,PAY029,handoff,Medium,17056
EV0335,2026-02-24,PAY014,experiment,Low,41245
EV0336,2026-02-25,PAY022,exception,High,41394
EV0337,2026-02-26,PAY008,stakeholder_request,Low,19114
EV0338,2026-02-27,PAY009,handoff,Low,31181
EV0339,2026-02-28,PAY031,stakeholder_request,Low,28535
EV0340,2026-03-01,PAY006,stakeholder_request,Low,44544
EV0341,2026-03-02,PAY019,qa_check,Medium,31691
EV0342,2026-03-03,PAY022,experiment,Medium,49137
EV0343,2026-03-04,PAY026,stakeholder_request,Low,23057
EV0344,2026-03-05,PAY020,experiment,Low,13975
EV0345,2026-03-06,PAY017,launch,Medium,32718
EV0346,2026-03-07,PAY019,qa_check,Low,4488
EV0347,2026-03-08,PAY005,qa_check,Low,29907
EV0348,2026-03-09,PAY012,qa_check,High,23292
EV0349,2026-03-10,PAY012,qa_check,Low,35762
EV0350,2026-03-11,PAY016,experiment,Low,8683
EV0351,2026-03-12,PAY021,exception,Medium,33304
EV0352,2026-03-13,PAY011,exception,High,42344
EV0353,2026-03-14,PAY024,stakeholder_request,Low,35128
EV0354,2026-03-15,PAY016,experiment,High,45277
EV0355,2026-03-16,PAY031,qa_check,High,51318
EV0356,2026-03-17,PAY011,experiment,High,43447
EV0357,2026-03-18,PAY003,handoff,Low,9078
EV0358,2026-03-19,PAY002,exception,High,24650
EV0359,2026-03-20,PAY025,stakeholder_request,High,36082
EV0360,2026-03-21,PAY036,experiment,Low,4598
EV0361,2026-03-22,PAY007,stakeholder_request,Low,26048
EV0362,2026-03-23,PAY003,launch,Medium,44722
EV0363,2026-03-24,PAY026,experiment,High,31517
EV0364,2026-03-25,PAY029,launch,High,15696
EV0365,2026-03-26,PAY013,experiment,Low,41869
EV0366,2026-03-27,PAY014,qa_check,Medium,33676
EV0367,2026-03-28,PAY008,stakeholder_request,High,22044
EV0368,2026-03-29,PAY018,launch,Low,24262
EV0369,2026-03-30,PAY017,launch,High,5986
EV0370,2026-03-31,PAY027,launch,Medium,10674
EV0371,2026-04-01,PAY034,stakeholder_request,High,38808
EV0372,2026-04-02,PAY009,exception,Low,44654
EV0373,2026-04-03,PAY028,launch,Medium,19173
EV0374,2026-04-04,PAY023,handoff,Low,37578
EV0375,2026-04-05,PAY031,exception,High,8395
EV0376,2026-04-06,PAY011,experiment,Medium,6791
EV0377,2026-04-07,PAY028,qa_check,High,27757
EV0378,2026-04-08,PAY001,handoff,Low,16165
EV0379,2026-04-09,PAY003,stakeholder_request,Low,13551
EV0380,2026-04-10,PAY029,handoff,Low,16867
EV0381,2026-04-11,PAY033,launch,Medium,32832
EV0382,2026-04-12,PAY007,experiment,Medium,51852
EV0383,2026-04-13,PAY023,handoff,Low,38898
EV0384,2026-04-14,PAY023,experiment,High,51572
EV0385,2026-04-15,PAY015,exception,High,41980
EV0386,2026-04-16,PAY021,stakeholder_request,High,44907
EV0387,2026-04-17,PAY010,qa_check,Low,25657
EV0388,2026-04-18,PAY009,exception,Low,12810
EV0389,2026-04-19,PAY008,stakeholder_request,Low,20990
EV0390,2026-04-20,PAY021,experiment,Low,2674
EV0391,2026-04-21,PAY007,exception,Low,29367
EV0392,2026-04-22,PAY017,exception,High,39918
EV0393,2026-04-23,PAY022,launch,High,51577
EV0394,2026-04-24,PAY012,handoff,Low,42789
EV0395,2026-04-25,PAY036,handoff,Medium,17097
EV0396,2026-04-26,PAY007,exception,Medium,49386
EV0397,2026-04-27,PAY007,experiment,Low,25599
EV0398,2026-04-28,PAY021,launch,Medium,35900
EV0399,2026-04-29,PAY017,experiment,Low,25173
EV0400,2026-04-30,PAY015,handoff,Medium,47075
EV0401,2026-05-01,PAY020,launch,High,8777
EV0402,2026-05-02,PAY016,experiment,Low,20884
EV0403,2026-05-03,PAY010,exception,Medium,7893
EV0404,2026-05-04,PAY030,stakeholder_request,Medium,28432
EV0405,2026-05-05,PAY007,qa_check,Low,37914
EV0406,2026-05-06,PAY008,stakeholder_request,Low,2067
EV0407,2026-05-07,PAY034,launch,Medium,46743
EV0408,2026-05-08,PAY030,exception,Medium,33216
EV0409,2026-05-09,PAY012,exception,Low,21112
EV0410,2026-05-10,PAY009,launch,Low,3942
EV0411,2026-05-11,PAY019,handoff,Low,44621
EV0412,2026-05-12,PAY005,experiment,Low,45711
EV0413,2026-05-13,PAY023,exception,Low,49994
EV0414,2026-05-14,PAY023,experiment,High,22889
EV0415,2026-05-15,PAY019,launch,Medium,38054
EV0416,2026-05-16,PAY027,experiment,Medium,49446
EV0417,2026-05-17,PAY004,handoff,Medium,42420
EV0418,2026-05-18,PAY009,handoff,Low,30392
EV0419,2026-05-19,PAY023,qa_check,High,45915
EV0420,2026-05-20,PAY026,handoff,High,30416
EV0421,2026-01-01,PAY030,qa_check,High,3205
EV0422,2026-01-02,PAY009,exception,Low,27760
EV0423,2026-01-03,PAY021,qa_check,High,21143
EV0424,2026-01-04,PAY034,stakeholder_request,Medium,31799
EV0425,2026-01-05,PAY031,stakeholder_request,Medium,27342
EV0426,2026-01-06,PAY007,qa_check,Low,49344
EV0427,2026-01-07,PAY034,handoff,Medium,8462
EV0428,2026-01-08,PAY034,exception,Medium,2672
EV0429,2026-01-09,PAY036,handoff,Medium,45716
EV0430,2026-01-10,PAY023,launch,High,11257
EV0431,2026-01-11,PAY034,qa_check,Medium,44599
EV0432,2026-01-12,PAY030,experiment,Medium,7236
EV0433,2026-01-13,PAY021,stakeholder_request,Medium,34326
EV0434,2026-01-14,PAY001,stakeholder_request,Low,23589
EV0435,2026-01-15,PAY009,qa_check,Low,7003
EV0436,2026-01-16,PAY032,handoff,Low,22031
EV0437,2026-01-17,PAY014,handoff,Medium,17502
EV0438,2026-01-18,PAY020,experiment,Medium,33132
EV0439,2026-01-19,PAY031,stakeholder_request,Medium,29065
EV0440,2026-01-20,PAY022,experiment,Low,42153
EV0441,2026-01-21,PAY010,launch,Medium,19623
EV0442,2026-01-22,PAY033,handoff,High,32595
EV0443,2026-01-23,PAY029,launch,Low,39834
EV0444,2026-01-24,PAY011,exception,Low,32976
EV0445,2026-01-25,PAY006,launch,Medium,16839
EV0446,2026-01-26,PAY002,qa_check,Low,12321
EV0447,2026-01-27,PAY003,qa_check,Medium,24739
EV0448,2026-01-28,PAY004,handoff,Low,36370
EV0449,2026-01-29,PAY028,qa_check,Low,43288
EV0450,2026-01-30,PAY006,exception,Medium,15010
EV0451,2026-01-31,PAY011,qa_check,High,28807
EV0452,2026-02-01,PAY023,handoff,High,19420
EV0453,2026-02-02,PAY017,stakeholder_request,Low,39813
EV0454,2026-02-03,PAY011,qa_check,Medium,35936
EV0455,2026-02-04,PAY027,exception,Low,5377
EV0456,2026-02-05,PAY032,experiment,Medium,32142
EV0457,2026-02-06,PAY036,stakeholder_request,Low,11683
EV0458,2026-02-07,PAY013,experiment,Low,26165
EV0459,2026-02-08,PAY033,exception,Medium,25326
EV0460,2026-02-09,PAY002,exception,High,4705
EV0461,2026-02-10,PAY013,qa_check,Medium,31812
EV0462,2026-02-11,PAY026,stakeholder_request,Low,50272
EV0463,2026-02-12,PAY019,stakeholder_request,Low,22785
EV0464,2026-02-13,PAY009,qa_check,Medium,8149
EV0465,2026-02-14,PAY025,exception,Low,37974
EV0466,2026-02-15,PAY008,qa_check,Low,32066
EV0467,2026-02-16,PAY008,qa_check,High,4354
EV0468,2026-02-17,PAY015,handoff,Medium,51602
EV0469,2026-02-18,PAY033,exception,Low,42027
EV0470,2026-02-19,PAY032,handoff,Medium,15301
EV0471,2026-02-20,PAY017,handoff,Low,826
EV0472,2026-02-21,PAY004,launch,Medium,34003
EV0473,2026-02-22,PAY024,stakeholder_request,High,30129
EV0474,2026-02-23,PAY027,launch,High,12401
EV0475,2026-02-24,PAY011,exception,Medium,18903
EV0476,2026-02-25,PAY011,experiment,Low,4814
EV0477,2026-02-26,PAY002,handoff,Medium,17457
EV0478,2026-02-27,PAY023,experiment,High,7676
EV0479,2026-02-28,PAY005,stakeholder_request,Low,44417
EV0480,2026-03-01,PAY007,launch,Low,12746
EV0481,2026-03-02,PAY021,launch,High,51425
EV0482,2026-03-03,PAY002,stakeholder_request,High,12039
EV0483,2026-03-04,PAY023,stakeholder_request,Medium,45546
EV0484,2026-03-05,PAY036,qa_check,Medium,5972
EV0485,2026-03-06,PAY028,stakeholder_request,Medium,8904
EV0486,2026-03-07,PAY035,launch,Low,14730
EV0487,2026-03-08,PAY018,experiment,High,27532
EV0488,2026-03-09,PAY030,experiment,High,41350
EV0489,2026-03-10,PAY005,exception,Medium,11440
EV0490,2026-03-11,PAY020,qa_check,Low,38027
EV0491,2026-03-12,PAY009,qa_check,High,35905
EV0492,2026-03-13,PAY016,stakeholder_request,High,30137
EV0493,2026-03-14,PAY034,experiment,Low,16474
EV0494,2026-03-15,PAY004,exception,Low,37474
EV0495,2026-03-16,PAY001,qa_check,Low,5196
EV0496,2026-03-17,PAY004,qa_check,High,50214
EV0497,2026-03-18,PAY035,qa_check,High,26559
EV0498,2026-03-19,PAY028,experiment,Medium,8092
EV0499,2026-03-20,PAY018,qa_check,Low,19660
EV0500,2026-03-21,PAY013,stakeholder_request,Low,40299
EV0501,2026-03-22,PAY014,stakeholder_request,Medium,41080
EV0502,2026-03-23,PAY016,stakeholder_request,High,39101
EV0503,2026-03-24,PAY022,experiment,Medium,7491
EV0504,2026-03-25,PAY030,stakeholder_request,High,9169
EV0505,2026-03-26,PAY022,launch,High,7971
EV0506,2026-03-27,PAY018,handoff,Medium,8139
EV0507,2026-03-28,PAY011,launch,Low,1544
EV0508,2026-03-29,PAY004,qa_check,High,38879
EV0509,2026-03-30,PAY034,launch,Medium,32937
EV0510,2026-03-31,PAY022,experiment,Medium,47981
EV0511,2026-04-01,PAY020,exception,Low,39553
EV0512,2026-04-02,PAY017,handoff,Low,30476
EV0513,2026-04-03,PAY021,experiment,Low,22169
EV0514,2026-04-04,PAY025,launch,Medium,34756
EV0515,2026-04-05,PAY036,stakeholder_request,Medium,12847
EV0516,2026-04-06,PAY028,exception,Medium,16226
EV0517,2026-04-07,PAY012,experiment,Low,46067
EV0518,2026-04-08,PAY017,qa_check,Medium,3167
EV0519,2026-04-09,PAY026,experiment,Medium,30073
EV0520,2026-04-10,PAY008,experiment,High,8325
EV0521,2026-04-11,PAY015,experiment,High,33452
EV0522,2026-04-12,PAY019,handoff,High,46709
EV0523,2026-04-13,PAY011,handoff,High,8412
EV0524,2026-04-14,PAY005,exception,High,2121
EV0525,2026-04-15,PAY010,experiment,Low,32294
EV0526,2026-04-16,PAY036,qa_check,Low,11889
EV0527,2026-04-17,PAY012,experiment,High,37297
EV0528,2026-04-18,PAY034,experiment,High,30834
EV0529,2026-04-19,PAY018,launch,Medium,6923
EV0530,2026-04-20,PAY014,handoff,Medium,16444
EV0531,2026-04-21,PAY018,launch,High,21136
EV0532,2026-04-22,PAY026,exception,Medium,14273
EV0533,2026-04-23,PAY016,handoff,High,47250
EV0534,2026-04-24,PAY016,qa_check,Medium,40558
EV0535,2026-04-25,PAY004,experiment,High,43025
EV0536,2026-04-26,PAY009,handoff,Medium,19554
EV0537,2026-04-27,PAY008,stakeholder_request,Low,11488
EV0538,2026-04-28,PAY031,exception,High,33085
EV0539,2026-04-29,PAY009,handoff,Low,7472
EV0540,2026-04-30,PAY025,exception,Medium,6821
EV0541,2026-05-01,PAY015,qa_check,Medium,44369
EV0542,2026-05-02,PAY008,launch,Low,17764
EV0543,2026-05-03,PAY008,qa_check,Medium,4112
EV0544,2026-05-04,PAY016,exception,High,38463
EV0545,2026-05-05,PAY033,stakeholder_request,Medium,13862
EV0546,2026-05-06,PAY027,stakeholder_request,Low,44939
EV0547,2026-05-07,PAY025,launch,Low,1927
EV0548,2026-05-08,PAY034,qa_check,Low,24834
EV0549,2026-05-09,PAY027,qa_check,Medium,29391
EV0550,2026-05-10,PAY001,experiment,Low,40277
EV0551,2026-05-11,PAY009,handoff,High,6966
EV0552,2026-05-12,PAY019,handoff,Medium,36470
EV0553,2026-05-13,PAY032,qa_check,Low,33060
EV0554,2026-05-14,PAY036,handoff,High,13989
EV0555,2026-05-15,PAY015,stakeholder_request,High,14063
EV0556,2026-05-16,PAY004,launch,Medium,49810
EV0557,2026-05-17,PAY036,launch,Medium,8861
EV0558,2026-05-18,PAY023,handoff,Medium,12546
EV0559,2026-05-19,PAY011,exception,High,10054
EV0560,2026-05-20,PAY006,experiment,Low,1913
EV0561,2026-01-01,PAY014,exception,Low,37404
EV0562,2026-01-02,PAY029,stakeholder_request,Low,18900
EV0563,2026-01-03,PAY018,launch,High,28497
EV0564,2026-01-04,PAY017,exception,Low,51177
EV0565,2026-01-05,PAY023,launch,Low,41627
EV0566,2026-01-06,PAY004,qa_check,High,7202
EV0567,2026-01-07,PAY032,launch,High,49893
EV0568,2026-01-08,PAY029,experiment,Medium,14060
EV0569,2026-01-09,PAY021,exception,Medium,47521
EV0570,2026-01-10,PAY022,qa_check,Medium,49017
EV0571,2026-01-11,PAY015,handoff,High,4900
EV0572,2026-01-12,PAY001,handoff,High,37794
EV0573,2026-01-13,PAY002,experiment,Low,32843
EV0574,2026-01-14,PAY025,launch,Low,7552
EV0575,2026-01-15,PAY034,launch,Low,35057
EV0576,2026-01-16,PAY020,handoff,Medium,37108
EV0577,2026-01-17,PAY024,experiment,High,33342
EV0578,2026-01-18,PAY034,exception,Low,4364
EV0579,2026-01-19,PAY003,exception,High,32499
EV0580,2026-01-20,PAY018,launch,Low,6447
EV0581,2026-01-21,PAY023,experiment,Low,42968
EV0582,2026-01-22,PAY031,handoff,High,10586
EV0583,2026-01-23,PAY034,experiment,Low,3676
EV0584,2026-01-24,PAY008,stakeholder_request,Medium,23186
EV0585,2026-01-25,PAY025,qa_check,Low,17102
EV0586,2026-01-26,PAY024,exception,Low,4643
EV0587,2026-01-27,PAY035,qa_check,Medium,21073
EV0588,2026-01-28,PAY011,launch,Medium,44855
EV0589,2026-01-29,PAY026,handoff,High,30265
EV0590,2026-01-30,PAY008,stakeholder_request,Low,26971
EV0591,2026-01-31,PAY027,experiment,High,20430
EV0592,2026-02-01,PAY011,stakeholder_request,Medium,15351
EV0593,2026-02-02,PAY027,experiment,High,21843
EV0594,2026-02-03,PAY027,exception,Medium,28738
EV0595,2026-02-04,PAY032,handoff,High,9959
EV0596,2026-02-05,PAY020,launch,Medium,22663
EV0597,2026-02-06,PAY021,exception,Low,5301
EV0598,2026-02-07,PAY024,qa_check,Low,29558
EV0599,2026-02-08,PAY026,handoff,Medium,22060
EV0600,2026-02-09,PAY001,handoff,Low,44588
EV0601,2026-02-10,PAY030,stakeholder_request,Medium,19908
EV0602,2026-02-11,PAY015,exception,Low,17712
EV0603,2026-02-12,PAY006,stakeholder_request,Low,13545
EV0604,2026-02-13,PAY003,launch,Medium,3449
EV0605,2026-02-14,PAY017,experiment,High,30950
EV0606,2026-02-15,PAY009,exception,Low,4871
EV0607,2026-02-16,PAY022,launch,Low,23356
EV0608,2026-02-17,PAY012,stakeholder_request,High,26815
EV0609,2026-02-18,PAY033,experiment,High,35949
EV0610,2026-02-19,PAY002,experiment,High,29308
EV0611,2026-02-20,PAY020,handoff,High,21278
EV0612,2026-02-21,PAY014,launch,Low,38719
EV0613,2026-02-22,PAY021,qa_check,Low,16387
EV0614,2026-02-23,PAY007,stakeholder_request,Low,4621
EV0615,2026-02-24,PAY024,exception,Medium,14166
EV0616,2026-02-25,PAY029,experiment,Medium,20378
EV0617,2026-02-26,PAY032,stakeholder_request,High,43919
EV0618,2026-02-27,PAY011,exception,Medium,31948
EV0619,2026-02-28,PAY011,handoff,Low,49157
EV0620,2026-03-01,PAY026,exception,High,13409
EV0621,2026-03-02,PAY001,handoff,Medium,26096
EV0622,2026-03-03,PAY001,handoff,High,42693
EV0623,2026-03-04,PAY021,stakeholder_request,Medium,10892
EV0624,2026-03-05,PAY029,launch,Low,20052
EV0625,2026-03-06,PAY024,exception,Low,18579
EV0626,2026-03-07,PAY034,qa_check,High,7734
EV0627,2026-03-08,PAY001,qa_check,Medium,36735
EV0628,2026-03-09,PAY036,experiment,Medium,6384
EV0629,2026-03-10,PAY033,experiment,High,22362
EV0630,2026-03-11,PAY013,stakeholder_request,High,43654
EV0631,2026-03-12,PAY018,qa_check,Medium,4990
EV0632,2026-03-13,PAY013,exception,High,8542
EV0633,2026-03-14,PAY001,exception,Medium,38491
EV0634,2026-03-15,PAY001,exception,High,3948
EV0635,2026-03-16,PAY032,launch,High,1621
EV0636,2026-03-17,PAY031,launch,Low,32940
EV0637,2026-03-18,PAY011,launch,Medium,19777
EV0638,2026-03-19,PAY003,experiment,High,48751
EV0639,2026-03-20,PAY001,experiment,Low,14471
EV0640,2026-03-21,PAY007,experiment,Medium,7985
EV0641,2026-03-22,PAY028,exception,High,28524
EV0642,2026-03-23,PAY028,stakeholder_request,High,30051
EV0643,2026-03-24,PAY016,stakeholder_request,High,39480
EV0644,2026-03-25,PAY022,launch,Medium,44802
EV0645,2026-03-26,PAY007,handoff,High,33738
EV0646,2026-03-27,PAY010,handoff,Medium,9910
EV0647,2026-03-28,PAY008,experiment,High,32402
EV0648,2026-03-29,PAY027,experiment,Low,28445
EV0649,2026-03-30,PAY023,experiment,Low,17352
EV0650,2026-03-31,PAY021,stakeholder_request,High,6183
EV0651,2026-04-01,PAY027,handoff,Low,15028
EV0652,2026-04-02,PAY012,experiment,Low,33124
EV0653,2026-04-03,PAY018,launch,Low,28943
EV0654,2026-04-04,PAY008,stakeholder_request,Medium,47237
EV0655,2026-04-05,PAY021,launch,High,26903
EV0656,2026-04-06,PAY006,launch,High,16417
EV0657,2026-04-07,PAY010,handoff,High,34452
EV0658,2026-04-08,PAY005,stakeholder_request,High,20667
EV0659,2026-04-09,PAY009,stakeholder_request,Low,25540
EV0660,2026-04-10,PAY027,exception,Low,28492
EV0661,2026-04-11,PAY007,experiment,High,22400
EV0662,2026-04-12,PAY014,experiment,High,37017
EV0663,2026-04-13,PAY002,launch,Low,44148
EV0664,2026-04-14,PAY010,experiment,Medium,9324
EV0665,2026-04-15,PAY011,launch,Low,7108
EV0666,2026-04-16,PAY007,stakeholder_request,Low,21001
EV0667,2026-04-17,PAY033,stakeholder_request,Medium,40343
EV0668,2026-04-18,PAY011,experiment,Medium,49418
EV0669,2026-04-19,PAY004,launch,High,31917
EV0670,2026-04-20,PAY017,handoff,Medium,23717
EV0671,2026-04-21,PAY003,experiment,Low,2369
EV0672,2026-04-22,PAY023,stakeholder_request,High,32522
EV0673,2026-04-23,PAY014,qa_check,High,17906
EV0674,2026-04-24,PAY030,experiment,High,19867
EV0675,2026-04-25,PAY004,experiment,Low,3818
EV0676,2026-04-26,PAY005,exception,High,50847
EV0677,2026-04-27,PAY002,exception,Medium,24610
EV0678,2026-04-28,PAY012,stakeholder_request,Low,13980
EV0679,2026-04-29,PAY018,handoff,Low,849
EV0680,2026-04-30,PAY018,experiment,Medium,47792
EV0681,2026-05-01,PAY035,handoff,Medium,47239
EV0682,2026-05-02,PAY011,qa_check,High,43624
EV0683,2026-05-03,PAY024,launch,High,41403
EV0684,2026-05-04,PAY004,stakeholder_request,High,27153
EV0685,2026-05-05,PAY028,handoff,Low,19897
EV0686,2026-05-06,PAY003,experiment,Medium,28132
EV0687,2026-05-07,PAY023,exception,Low,10928
EV0688,2026-05-08,PAY030,experiment,High,4849
EV0689,2026-05-09,PAY023,handoff,Medium,24803
EV0690,2026-05-10,PAY036,exception,Low,29312
EV0691,2026-05-11,PAY033,qa_check,Medium,47590
EV0692,2026-05-12,PAY028,stakeholder_request,Medium,12138
EV0693,2026-05-13,PAY002,stakeholder_request,High,38004
EV0694,2026-05-14,PAY001,experiment,High,48676
EV0695,2026-05-15,PAY010,exception,Low,30500
EV0696,2026-05-16,PAY009,stakeholder_request,Low,47336
EV0697,2026-05-17,PAY028,experiment,High,35599
EV0698,2026-05-18,PAY022,experiment,Low,30650
EV0699,2026-05-19,PAY021,qa_check,High,46425
EV0700,2026-05-20,PAY015,stakeholder_request,Medium,27536
EV0701,2026-01-01,PAY018,qa_check,High,48458
EV0702,2026-01-02,PAY022,experiment,Low,20297
EV0703,2026-01-03,PAY022,handoff,Low,32513
EV0704,2026-01-04,PAY006,stakeholder_request,Medium,49326
EV0705,2026-01-05,PAY029,stakeholder_request,Low,10935
EV0706,2026-01-06,PAY035,experiment,Medium,12036
EV0707,2026-01-07,PAY031,launch,Medium,37008
EV0708,2026-01-08,PAY034,experiment,High,31509
EV0709,2026-01-09,PAY028,stakeholder_request,High,21593
EV0710,2026-01-10,PAY021,exception,High,4359
EV0711,2026-01-11,PAY013,handoff,Low,16471
EV0712,2026-01-12,PAY021,experiment,Medium,27320
EV0713,2026-01-13,PAY002,experiment,Low,37420
EV0714,2026-01-14,PAY004,experiment,High,3050
EV0715,2026-01-15,PAY016,exception,High,44997
EV0716,2026-01-16,PAY002,exception,Low,21648
EV0717,2026-01-17,PAY017,stakeholder_request,Low,31547
EV0718,2026-01-18,PAY030,experiment,Low,24404
EV0719,2026-01-19,PAY022,experiment,Medium,8432
EV0720,2026-01-20,PAY011,experiment,High,37251
EV0721,2026-01-21,PAY031,stakeholder_request,High,47970
EV0722,2026-01-22,PAY012,experiment,High,46948
EV0723,2026-01-23,PAY014,launch,High,19600
EV0724,2026-01-24,PAY004,qa_check,High,34977
EV0725,2026-01-25,PAY002,handoff,Low,50264
EV0726,2026-01-26,PAY016,experiment,High,14657
EV0727,2026-01-27,PAY035,handoff,Low,9509
EV0728,2026-01-28,PAY028,experiment,Medium,19981
EV0729,2026-01-29,PAY018,exception,High,27805
EV0730,2026-01-30,PAY001,experiment,Medium,46171
EV0731,2026-01-31,PAY010,exception,Low,39583
EV0732,2026-02-01,PAY006,qa_check,Low,44946
EV0733,2026-02-02,PAY003,experiment,Low,50490
EV0734,2026-02-03,PAY027,stakeholder_request,Medium,26019
EV0735,2026-02-04,PAY018,launch,Low,47369
EV0736,2026-02-05,PAY008,experiment,High,7301
EV0737,2026-02-06,PAY005,exception,Low,14451
EV0738,2026-02-07,PAY032,handoff,High,19834
EV0739,2026-02-08,PAY004,stakeholder_request,Medium,4265
EV0740,2026-02-09,PAY036,stakeholder_request,Medium,12937
EV0741,2026-02-10,PAY035,experiment,Medium,5778
EV0742,2026-02-11,PAY009,launch,Medium,20073
EV0743,2026-02-12,PAY023,exception,High,21734
EV0744,2026-02-13,PAY016,launch,Medium,18932
EV0745,2026-02-14,PAY034,launch,High,46236
EV0746,2026-02-15,PAY029,launch,Medium,736
EV0747,2026-02-16,PAY014,experiment,Medium,45523
EV0748,2026-02-17,PAY004,stakeholder_request,Low,42762
EV0749,2026-02-18,PAY004,stakeholder_request,High,44984
EV0750,2026-02-19,PAY024,qa_check,High,23582
EV0751,2026-02-20,PAY012,stakeholder_request,Medium,13381
EV0752,2026-02-21,PAY002,qa_check,High,11025
EV0753,2026-02-22,PAY003,experiment,Low,7794
EV0754,2026-02-23,PAY029,stakeholder_request,Medium,35353
EV0755,2026-02-24,PAY035,exception,Low,12783
EV0756,2026-02-25,PAY023,handoff,High,20159
EV0757,2026-02-26,PAY031,handoff,High,40270
EV0758,2026-02-27,PAY032,stakeholder_request,Low,25487
EV0759,2026-02-28,PAY001,launch,Medium,26642
EV0760,2026-03-01,PAY012,qa_check,Medium,30660
